[
    {
        "id": "TC-01-01",
        "name": "长度单位转换：米转厘米",
        "description": "用户在长度分类下，输入1.5米，选择源单位为'米'、目标单位为'厘米'，验证实时换算结果是否正确",
        "objective": "验证长度类单位转换的计算准确性与实时响应性",
        "extra_info": {
            "category": "长度",
            "input_value": "1.5",
            "source_unit": "米",
            "target_unit": "厘米"
        },
        "expected_result": "输入框显示'1.5'后，结果区域立即显示'150.0'，且单位标签显示'厘米'"
    },
    {
        "id": "TC-01-02",
        "name": "温度单位转换：摄氏度转华氏度（零下值）",
        "description": "用户在温度分类下，输入-40，选择源单位为'°C'、目标单位为'°F'，验证换算结果是否符合科学公式（-40°C = -40°F）",
        "objective": "验证温度转换在特殊临界值下的数学正确性",
        "extra_info": {
            "category": "温度",
            "input_value": "-40",
            "source_unit": "°C",
            "target_unit": "°F"
        },
        "expected_result": "结果区域显示'-40.0'，单位标签显示'°F'"
    },
    {
        "id": "TC-01-03",
        "name": "重量单位转换：输入非数字字符",
        "description": "用户在重量分类下，在数值输入框中输入'abc'，然后切换单位，验证系统是否阻止无效输入并给出提示",
        "objective": "验证输入校验机制对非法字符的容错处理",
        "extra_info": {
            "category": "重量",
            "input_value": "abc",
            "source_unit": "千克",
            "target_unit": "磅"
        },
        "expected_result": "输入框清空或显示'0'，结果区域显示'请输入有效数字'提示文字，且不触发计算"
    },
    {
        "id": "TC-01-04",
        "name": "面积单位转换：空输入直接切换单位",
        "description": "用户进入面积分类页面，未输入任何数值，直接更改源单位为'平方米'、目标单位为'平方英尺'，验证结果区域状态",
        "objective": "验证空输入状态下单位切换是否导致异常或默认行为",
        "extra_info": {
            "category": "面积",
            "input_value": "",
            "source_unit": "平方米",
            "target_unit": "平方英尺"
        },
        "expected_result": "结果区域保持空白或显示'--'，无数值计算发生，界面无崩溃或错误弹窗"
    },
    {
        "id": "TC-01-05",
        "name": "体积单位转换：极大数值输入（1e10）",
        "description": "用户在体积分类下输入科学计数法表示的大数值'1e10'，选择'升'转'毫升'，验证结果是否正确显示且无溢出或精度丢失",
        "objective": "验证大数值输入下的计算稳定性与浮点精度表现",
        "extra_info": {
            "category": "体积",
            "input_value": "1e10",
            "source_unit": "升",
            "target_unit": "毫升"
        },
        "expected_result": "结果区域显示'10000000000000.0'，单位标签显示'毫升'，界面响应流畅无卡顿"
    },
    {
        "id": "TC-01-06",
        "name": "同一单位转换：千米转千米",
        "description": "用户在长度分类下输入'7.25'，源单位和目标单位均设为'千米'，验证系统是否原样返回输入值",
        "objective": "验证相同单位转换时的恒等性逻辑",
        "extra_info": {
            "category": "长度",
            "input_value": "7.25",
            "source_unit": "千米",
            "target_unit": "千米"
        },
        "expected_result": "结果区域显示'7.25'，单位标签显示'千米'"
    },
    {
        "id": "TC-02-01",
        "name": "选择长度属性后单位列表更新为米、千米、英尺、英寸等",
        "description": "用户在属性选择器中点击'长度'，验证单位下拉列表是否实时刷新为长度类单位",
        "objective": "验证属性与单位的正向联动逻辑",
        "extra_info": "无",
        "expected_result": "单位选择下拉框中仅显示：米、千米、厘米、毫米、英里、码、英尺、英寸、海里"
    },
    {
        "id": "TC-02-02",
        "name": "选择温度属性后单位列表更新为摄氏度、华氏度、开尔文",
        "description": "用户切换至温度属性，检查单位选项是否精确匹配温度计量体系",
        "objective": "验证温度属性专属单位集的正确加载",
        "extra_info": "无",
        "expected_result": "单位选择下拉框中仅显示：摄氏度、华氏度、开尔文"
    },
    {
        "id": "TC-02-03",
        "name": "选择货币属性后单位列表更新为USD、EUR、CNY、JPY等主流币种",
        "description": "用户选择货币属性，确认单位列表动态呈现支持的货币代码",
        "objective": "验证货币属性下单位列表的完整性与国际标准兼容性",
        "extra_info": "无",
        "expected_result": "单位选择下拉框中仅显示：美元(USD)、欧元(EUR)、人民币(CNY)、日元(JPY)、英镑(GBP)、加元(CAD)、澳元(AUD)"
    },
    {
        "id": "TC-02-04",
        "name": "首次启动时默认属性为长度，单位列表默认显示长度单位",
        "description": "应用冷启动进入MainActivity，未做任何选择前观察初始单位列表状态",
        "objective": "验证默认属性与单位的初始化一致性",
        "extra_info": "无",
        "expected_result": "单位选择下拉框默认展开并显示：米、千米、厘米、毫米、英里、码、英尺、英寸、海里"
    },
    {
        "id": "TC-02-05",
        "name": "切换属性后原单位输入框内容被清空且不触发非法转换",
        "description": "用户先选长度并输入'100'，再切换为温度属性",
        "objective": "验证属性变更时输入值的安全重置机制",
        "extra_info": "无",
        "expected_result": "数值输入框内容清空，转换结果区域显示提示'请先选择单位并输入数值'，'转换'按钮处于禁用状态"
    },
    {
        "id": "TC-03-01",
        "name": "进入设置页并查看单位排序选项",
        "description": "用户从主界面进入设置页面，验证单位排序功能入口是否存在且可点击",
        "objective": "确认设置页面包含‘单位显示顺序’配置项",
        "extra_info": "无",
        "expected_result": "设置页面中显示标题为‘单位显示顺序’的可点击条目，右侧有箭头图标"
    },
    {
        "id": "TC-03-02",
        "name": "打开单位排序编辑界面",
        "description": "点击‘单位显示顺序’条目后，进入可拖拽调整顺序的单位列表页",
        "objective": "验证点击后能正确跳转至单位排序编辑页，且所有支持单位均以可拖拽形式列出",
        "extra_info": "无",
        "expected_result": "页面标题为‘自定义单位顺序’，列表中显示12个单位（如：米、千米、英尺、英寸、磅、千克、摄氏度、华氏度、升、毫升、加仑、盎司），每项左侧有拖拽手柄图标"
    },
    {
        "id": "TC-03-03",
        "name": "拖拽调整单位顺序并保存",
        "description": "用户将‘千克’拖拽至列表首位，松手后点击右上角‘保存’按钮",
        "objective": "验证拖拽操作生效且保存后顺序被持久化",
        "extra_info": "拖拽起始位置：第5项（原顺序：米、千米、英尺、英寸、千克…）；目标位置：第1项",
        "expected_result": "列表顶部显示‘千克’，其余单位按新顺序排列；点击保存后弹出‘已保存单位顺序’提示toast，页面自动返回设置页"
    },
    {
        "id": "TC-03-04",
        "name": "在单位转换主界面验证新排序生效",
        "description": "返回MainActivity，点击输入单位选择器，检查单位列表是否按新顺序展示",
        "objective": "验证保存后的单位顺序在核心转换场景中实时体现",
        "extra_info": "无",
        "expected_result": "点击输入单位下拉框后，弹出单位列表，首项为‘千克’，后续依次为原列表中其余单位按新序排列（如：千克、米、千米、英尺…）"
    },
    {
        "id": "TC-03-05",
        "name": "重启App后验证单位顺序仍保持",
        "description": "关闭App进程后重新启动，进入单位选择界面检查排序",
        "objective": "验证单位顺序设置具备跨会话持久性",
        "extra_info": "无",
        "expected_result": "MainActivity启动后，任意单位选择器（输入/输出）展开时，列表首项仍为‘千克’，与上次保存一致"
    },
    {
        "id": "TC-03-06",
        "name": "空单位列表边界测试",
        "description": "在单位排序编辑页中，尝试将全部单位拖出可视区域或清空列表（若UI允许）",
        "objective": "验证系统对非法空排序状态的防护能力",
        "extra_info": "无",
        "expected_result": "无法完成清空操作；当试图将最后一个单位拖离列表时，手柄自动吸附回列表内，底部显示提示‘至少需保留一个单位’"
    },
    {
        "id": "TC-03-07",
        "name": "恢复默认顺序功能验证",
        "description": "在单位排序编辑页点击‘恢复默认’按钮",
        "objective": "验证默认顺序重置功能可用且生效",
        "extra_info": "无",
        "expected_result": "单位列表立即恢复原始内置顺序（米、千米、英尺、英寸、磅、千克…），‘保存’按钮变为高亮可点击状态，点击后提示‘已恢复默认单位顺序’"
    },
    {
        "id": "TC-04-01",
        "name": "用户在设置中隐藏温度单位'华氏度'后，主转换界面单位选择器中不再显示该选项",
        "description": "用户进入设置页面，取消勾选'华氏度'，返回主转换界面，在温度转换类型下打开单位选择器",
        "objective": "验证隐藏单位后，对应单位在所有相关单位选择列表中不可见",
        "extra_info": "当前转换类型为'温度'；设置中'华氏度'复选框状态为未勾选",
        "expected_result": "温度单位选择器弹窗中仅显示'摄氏度'、'开尔文'，不显示'华氏度'；已选单位仍保持原值（如当前为'摄氏度'则不变）"
    },
    {
        "id": "TC-04-02",
        "name": "用户隐藏全部长度单位后，在长度转换界面单位选择器中显示空列表提示",
        "description": "用户进入设置页面，取消勾选所有长度单位（如米、英尺、英寸、千米、英里），切换至长度转换类型并点击单位选择器",
        "objective": "验证当某类单位全部被隐藏时，单位选择器提供友好提示而非崩溃或空白",
        "extra_info": "设置中'米'、'英尺'、'英寸'、'千米'、'英里'复选框均未勾选；当前转换类型为'长度'",
        "expected_result": "点击单位选择器后弹出列表，顶部显示灰色文字'暂无可用单位，请前往设置启用'，无单位选项项"
    },
    {
        "id": "TC-04-03",
        "name": "用户恢复隐藏的货币单位'日元'后，货币转换界面单位选择器立即刷新并显示该选项",
        "description": "用户此前已隐藏'日元'，现进入设置页面重新勾选该单位，返回货币转换界面并打开单位选择器",
        "objective": "验证启用单位后，单位列表实时同步更新",
        "extra_info": "设置中'日元'复选框由未勾选变为已勾选；当前转换类型为'货币'",
        "expected_result": "货币单位选择器中包含'日元'（位于'美元'、'欧元'、'人民币'之后），且可正常点击选中"
    },
    {
        "id": "TC-04-04",
        "name": "用户尝试隐藏唯一启用的体积单位'升'时，系统阻止操作并保持勾选状态",
        "description": "用户在设置中仅启用'升'一个体积单位，点击其复选框试图取消勾选",
        "objective": "验证系统对最小可用单位集合的保护机制",
        "extra_info": "设置中仅'升'为勾选状态，其余体积单位（如'加仑'、'毫升'、'立方英尺'）均未勾选",
        "expected_result": "点击后复选框短暂抖动，状态未改变，仍为勾选；下方显示Toast提示'至少需保留一个单位以保证功能可用'"
    },
    {
        "id": "TC-04-05",
        "name": "首次安装应用后，所有预定义单位默认处于启用状态",
        "description": "新用户首次启动应用，跳过引导页，直接进入设置页面查看单位列表",
        "objective": "验证默认配置符合预期，保障开箱即用体验",
        "extra_info": "无",
        "expected_result": "设置页面中所有单位分类（长度、温度、货币、体积等）下的复选框均为勾选状态，无任何灰显或禁用项"
    },
    {
        "id": "TC-05-01",
        "name": "切换语言为中文",
        "description": "用户在设置页面选择中文，验证主界面、单位转换器标题、按钮及提示文本是否全部变为简体中文",
        "objective": "验证语言切换功能正常，且界面元素实时更新为中文",
        "extra_info": "当前单位偏好：From=米，To=英里；系统原语言为英文",
        "expected_result": "MainActivity 中所有可见文本（如'Convert', 'From', 'To', 'Swap', 'Reset'等）均显示为对应简体中文（如'转换'、'来源'、'目标'、'交换'、'重置'），单位选择下拉框内单位名称（如'kilometer'→'千米'）同步本地化，已设置的长度单位偏好（如From: meter, To: mile）保持不变"
    },
    {
        "id": "TC-05-02",
        "name": "切换语言为法语",
        "description": "用户在设置页选择法语，检查数值输入区、操作按钮、错误提示等是否完整呈现法语本地化文本",
        "objective": "验证小众语言支持完整性与UI文本一致性",
        "extra_info": "当前单位偏好：From=摄氏度，To=华氏度；原语言为英文",
        "expected_result": "MainActivity 页面中'Enter value'显示为'Saisir une valeur'，'Convert'变为'Convertir'，'Invalid input'错误提示显示为'Entrée invalide'，单位列表项如'gram'→'gramme'、'liter'→'litre'，已配置的温度单位偏好（From=Celsius, To=Fahrenheit）未被清空或重置"
    },
    {
        "id": "TC-05-03",
        "name": "语言切换后返回首页不丢失偏好",
        "description": "用户从MainActivity进入设置页，切换语言后按返回键回到主界面，验证单位配置和输入值是否保留",
        "objective": "验证语言切换不触发页面重建导致状态丢失",
        "extra_info": "输入值：25.5；From单位：盎司；To单位：克；原语言：英文；目标语言：西班牙文",
        "expected_result": "返回MainActivity后，原输入框中数值（如'25.5'）仍存在，单位选择器仍显示之前配置（如From=ounce, To=gram），所有文本已更新为目标语言（如英文→西班牙文）"
    },
    {
        "id": "TC-05-04",
        "name": "无网络环境下切换语言生效",
        "description": "关闭设备网络连接，在设置中将语言由英文切至日文，观察界面响应与文本变更",
        "objective": "验证语言资源离线可用，切换不依赖网络请求",
        "extra_info": "设备处于飞行模式；当前偏好：From=毫升，To=加仑；原语言：英文",
        "expected_result": "切换操作立即完成，MainActivity 所有静态文本（包括菜单栏、标签、按钮）均显示为日文（如'Convert'→'変換'、'From'→'元'、'To'→'先'），单位名称如'centimeter'→'センチメートル'，已保存的体积单位偏好（From=milliliter, To=gallon）保持不变"
    },
    {
        "id": "TC-05-05",
        "name": "切换语言时输入框内容与焦点保持",
        "description": "在MainActivity输入框中输入'100'并聚焦，进入设置切换语言，返回后检查输入状态",
        "objective": "确保语言切换过程不影响用户当前编辑上下文",
        "extra_info": "输入值：100；光标位置：输入框末尾；原语言：英文；目标语言：德文",
        "expected_result": "返回MainActivity后，输入框仍显示'100'且光标停留在末尾可继续输入，'Convert'按钮仍可点击，所有文本已更新为新语言（如德文），单位选择器展开状态未意外关闭"
    },
    {
        "id": "TC-06-01",
        "name": "输入纯字母触发校验提示",
        "description": "在转换界面的数值输入框中输入英文字符 'abc'，点击转换按钮",
        "objective": "验证系统对纯字母输入的拦截与提示能力",
        "extra_info": "输入值：'abc'",
        "expected_result": "不执行转换计算，输入框下方或弹出 Toast 显示红色文字‘请输入有效数字’，转换按钮保持可点击状态"
    },
    {
        "id": "TC-06-02",
        "name": "输入特殊符号触发校验提示",
        "description": "在转换界面的数值输入框中输入 '@#$%'，点击转换按钮",
        "objective": "验证系统对非法符号输入的响应",
        "extra_info": "输入值：'@#$%'",
        "expected_result": "未跳转结果页，界面无数值输出，屏幕中部显示 Toast 提示‘请输入有效数字’"
    },
    {
        "id": "TC-06-03",
        "name": "输入字母与数字混合触发校验提示",
        "description": "在转换界面的数值输入框中输入 '123abc'，点击转换按钮",
        "objective": "验证系统对混合非法输入的识别能力",
        "extra_info": "输入值：'123abc'",
        "expected_result": "输入框获得焦点并自动全选，同时显示底部提示条‘请输入有效数字’，背景色轻微抖动示意错误"
    },
    {
        "id": "TC-06-04",
        "name": "输入空格开头的数字触发校验提示",
        "description": "在转换界面的数值输入框中输入 '   42'（含前导空格），点击转换按钮",
        "objective": "验证系统对首尾空白字符的容错与校验逻辑",
        "extra_info": "输入值：'   42'",
        "expected_result": "输入内容被自动 trim 后正常转换（若支持）；否则显示‘请输入有效数字’提示，且输入框内保留原空格内容"
    },
    {
        "id": "TC-06-05",
        "name": "输入空字符串后尝试转换",
        "description": "清空转换界面数值输入框，使其为空，点击转换按钮",
        "objective": "验证空输入场景下的校验反馈",
        "extra_info": "输入值：''",
        "expected_result": "输入框边框变为红色，下方显示红色文字‘请输入有效数字’，无任何单位换算结果展示"
    },
    {
        "id": "TC-07-01",
        "name": "未选择物理属性时点击转换按钮",
        "description": "用户打开主界面后，未选择任何物理属性（如长度、温度、重量等），直接点击转换按钮",
        "objective": "验证系统是否在未选物理属性时阻止转换并给出明确提示",
        "extra_info": "无",
        "expected_result": "页面顶部或转换按钮附近显示红色提示文字‘请选择属性’，且不执行任何单位换算逻辑，转换结果区域保持空白或默认占位符"
    },
    {
        "id": "TC-07-02",
        "name": "仅选择物理属性但未选源单位时点击转换",
        "description": "用户选择物理属性为‘长度’，但源单位下拉框仍为默认提示项（如‘请选择源单位’），目标单位任意选择，点击转换按钮",
        "objective": "验证系统是否校验源单位必填性",
        "extra_info": "物理属性：长度；目标单位：米",
        "expected_result": "在源单位选择区域下方显示红色提示文字‘请选择单位’，转换结果不更新，页面不跳转"
    },
    {
        "id": "TC-07-03",
        "name": "仅选择物理属性但未选目标单位时点击转换",
        "description": "用户选择物理属性为‘温度’，源单位设为‘摄氏度’，目标单位仍为默认提示项（如‘请选择目标单位’），点击转换按钮",
        "objective": "验证系统是否校验目标单位必填性",
        "extra_info": "物理属性：温度；源单位：摄氏度",
        "expected_result": "在目标单位选择区域下方显示红色提示文字‘请选择单位’，输入值清空或保留但无计算响应，结果区域无变化"
    },
    {
        "id": "TC-07-04",
        "name": "源单位和目标单位均未选择时点击转换",
        "description": "用户选择物理属性为‘重量’，源单位和目标单位均保持初始未选状态（如显示‘请选择单位’），点击转换按钮",
        "objective": "验证双重缺失时的提示优先级与展示方式",
        "extra_info": "物理属性：重量",
        "expected_result": "在源单位选择区域下方显示红色提示文字‘请选择单位’（不重复显示两条），目标单位区域同步高亮或出现相同提示，转换操作被完全拦截"
    },
    {
        "id": "TC-07-05",
        "name": "输入数值后删除全部内容再点击转换（源/目标单位已选）",
        "description": "用户已正确选择物理属性、源单位和目标单位，并输入数值‘100’，随后清空输入框，点击转换按钮",
        "objective": "验证空输入值是否触发单位校验逻辑（应不触发，因单位已选）",
        "extra_info": "物理属性：长度；源单位：千米；目标单位：米；输入值：（空）",
        "expected_result": "转换结果区域显示‘0’或空白，不弹出‘请选择单位’提示；提示仅针对单位缺失，而非数值为空"
    },
    {
        "id": "TC-08-01",
        "name": "网络异常时点击重试按钮恢复主流程",
        "description": "用户在单位换算页面因无网络触发错误提示，点击重试按钮后重新加载页面并恢复输入状态",
        "objective": "验证网络错误场景下重试按钮是否可操作且能恢复至正常换算界面",
        "extra_info": "输入数值: 100, 源单位: 米, 目标单位: 英尺",
        "expected_result": "错误弹窗关闭，页面回到单位换算主界面，原输入数值（如'100'）和单位选择（如'米→英尺'）保持不变，换算结果区域显示更新后的计算值"
    },
    {
        "id": "TC-08-02",
        "name": "非法输入导致解析失败后点击返回首页",
        "description": "用户在数值输入框输入非数字字符（如'abc'）触发格式错误提示，点击‘返回首页’按钮跳转至初始主界面",
        "objective": "验证格式校验失败时，返回首页入口是否可见且能正确导航至 MainActivity 起始页",
        "extra_info": "输入内容: abc",
        "expected_result": "错误弹窗关闭，页面跳转至应用启动页（即 MainActivity 的默认视图），顶部标题显示'Converter Pro'，底部导航栏高亮'Home'图标，所有输入框清空"
    },
    {
        "id": "TC-08-03",
        "name": "空输入提交后通过重试按钮恢复交互",
        "description": "用户未填写任何数值即点击换算按钮，触发空输入错误提示，点击重试后焦点回到数值输入框并可继续输入",
        "objective": "验证空数据错误状态下，重试操作能否使界面恢复可编辑状态",
        "extra_info": "无",
        "expected_result": "错误弹窗关闭，数值输入框获得焦点并呈现光标，输入框内为空，'换算'按钮由禁用态变为可用态"
    },
    {
        "id": "TC-08-04",
        "name": "单位组合不支持时点击返回首页跳转成功",
        "description": "用户选择暂不支持的单位组合（如'摄氏度→比特'）触发不兼容错误，点击‘返回首页’按钮退出当前配置",
        "objective": "验证不支持单位组合错误下，返回首页功能是否有效终止当前无效流程",
        "extra_info": "源单位: 摄氏度, 目标单位: 比特",
        "expected_result": "错误弹窗关闭，页面跳转至 MainActivity 默认主页，单位选择器重置为默认组合（长度→长度），历史记录列表清空显示'暂无换算记录'"
    },
    {
        "id": "TC-08-05",
        "name": "连续两次错误后重试按钮仍可响应",
        "description": "用户先后触发空输入和非法字符错误，两次弹出不同错误提示，第二次点击重试后恢复正常换算能力",
        "objective": "验证错误状态恢复路径在多次异常后仍保持功能健壮性",
        "extra_info": "输入内容: xyz",
        "expected_result": "第二次重试后，页面回到单位换算界面，输入框可编辑，上次输入的非法内容（如'xyz'）已被清除，键盘自动弹出等待输入"
    }
]