[
    {
        "id": "FR-001",
        "name": "单位转换核心功能",
        "requirement": "系统应支持用户在选定物理属性（如长度、温度、重量等）后，输入一个数值并选择源单位与目标单位，实时计算并显示准确的换算结果。",
        "type": "功能性"
    },
    {
        "id": "FR-002",
        "name": "属性选择联动",
        "requirement": "系统应在用户选择物理属性（如长度、温度、货币等）后，动态更新可用单位列表，仅显示该属性下预定义的有效单位。",
        "type": "功能性"
    },
    {
        "id": "FR-003",
        "name": "单位排序自定义",
        "requirement": "系统应允许用户在设置中通过拖拽方式调整单位显示顺序，并在后续所有单位选择界面中按该顺序呈现。",
        "type": "功能性"
    },
    {
        "id": "FR-004",
        "name": "单位显隐管理",
        "requirement": "系统应支持用户在设置中勾选/取消勾选任意预定义单位，隐藏后该单位不在所有单位选择列表中出现，且可随时恢复显示。",
        "type": "功能性"
    },
    {
        "id": "FR-005",
        "name": "货币实时汇率转换",
        "requirement": "系统应在网络连接正常时，获取并使用最新汇率数据，支持用户在货币转换界面中选择两种货币并输入金额，实时显示换算结果。",
        "type": "功能性"
    },
    {
        "id": "FR-006",
        "name": "离线货币转换提示",
        "requirement": "系统在网络不可用时，若用户尝试执行货币转换操作，应明确提示‘请检查网络连接’，并禁止结果计算。",
        "type": "功能性"
    },
    {
        "id": "FR-007",
        "name": "多语言界面切换",
        "requirement": "系统应支持用户在设置中选择预定义语言（如中文、英文、法语等），切换后应用内所有可见文本立即更新为所选语言，且不重置用户已配置的单位偏好。",
        "type": "功能性"
    },
    {
        "id": "FR-008",
        "name": "非法数值输入校验",
        "requirement": "系统应在用户于转换界面输入非数字字符（如字母、符号）时，阻止无效计算，并显示提示‘请输入有效数字’。",
        "type": "功能性"
    },
    {
        "id": "FR-009",
        "name": "必填项缺失校验",
        "requirement": "系统应在用户未选择源单位或目标单位时尝试转换，显示提示‘请选择单位’；若未选择物理属性即进入转换流程，应提示‘请选择属性’。",
        "type": "功能性"
    },
    {
        "id": "FR-010",
        "name": "响应式界面适配",
        "requirement": "系统应根据设备屏幕尺寸自动选择合适布局（如小屏单列、大屏双列），确保所有控件可读、可点、不重叠，且文字大小与间距符合可访问性要求。",
        "type": "界面"
    },
    {
        "id": "FR-011",
        "name": "错误状态恢复路径",
        "requirement": "系统在任一错误提示弹出后，应提供明确操作入口（如‘返回首页’或‘重试’按钮），使用户能快速回到主流程继续操作。",
        "type": "功能性"
    }
]