{
    "apps": [
        {
            "id": "A1",
            "name": "com.ferrarid.converterpro",
            "package": "com.ferrarid.converterpro",
            "launch-activity": "com.ferrarid.converterpro.MainActivity"
        }
    ],
    "scenarios": [
        {
            "id": "S_长度单位转换米转厘米_001",
            "name": "长度单位转换：米转厘米",
            "description": "用户在长度分类下，输入1.5米，选择源单位为'米'、目标单位为'厘米'，验证实时换算结果是否正确",
            "extra-info": {
                "category": "长度",
                "input_value": "1.5",
                "source_unit": "米",
                "target_unit": "厘米"
            }
        },
        {
            "id": "S_温度单位转换摄氏度转华氏度零下值_002",
            "name": "温度单位转换：摄氏度转华氏度（零下值）",
            "description": "用户在温度分类下，输入-40，选择源单位为'°C'、目标单位为'°F'，验证换算结果是否符合科学公式（-40°C = -40°F）",
            "extra-info": {
                "category": "温度",
                "input_value": "-40",
                "source_unit": "°C",
                "target_unit": "°F"
            }
        },
        {
            "id": "S_重量单位转换输入非数字字符_003",
            "name": "重量单位转换：输入非数字字符",
            "description": "用户在重量分类下，在数值输入框中输入'abc'，然后切换单位，验证系统是否阻止无效输入并给出提示",
            "extra-info": {
                "category": "重量",
                "input_value": "abc",
                "source_unit": "千克",
                "target_unit": "磅"
            }
        },
        {
            "id": "S_面积单位转换空输入直接切换单位_004",
            "name": "面积单位转换：空输入直接切换单位",
            "description": "用户进入面积分类页面，未输入任何数值，直接更改源单位为'平方米'、目标单位为'平方英尺'，验证结果区域状态",
            "extra-info": {
                "category": "面积",
                "input_value": "",
                "source_unit": "平方米",
                "target_unit": "平方英尺"
            }
        },
        {
            "id": "S_体积单位转换极大数值输入1e10_005",
            "name": "体积单位转换：极大数值输入（1e10）",
            "description": "用户在体积分类下输入科学计数法表示的大数值'1e10'，选择'升'转'毫升'，验证结果是否正确显示且无溢出或精度丢失",
            "extra-info": {
                "category": "体积",
                "input_value": "1e10",
                "source_unit": "升",
                "target_unit": "毫升"
            }
        },
        {
            "id": "S_同一单位转换千米转千米_006",
            "name": "同一单位转换：千米转千米",
            "description": "用户在长度分类下输入'7.25'，源单位和目标单位均设为'千米'，验证系统是否原样返回输入值",
            "extra-info": {
                "category": "长度",
                "input_value": "7.25",
                "source_unit": "千米",
                "target_unit": "千米"
            }
        },
        {
            "id": "S_选择长度属性后单位列表更新为米千米英尺英寸等_007",
            "name": "选择长度属性后单位列表更新为米、千米、英尺、英寸等",
            "description": "用户在属性选择器中点击'长度'，验证单位下拉列表是否实时刷新为长度类单位",
            "extra-info": {
                "value": "无"
            }
        },
        {
            "id": "S_选择温度属性后单位列表更新为摄氏度华氏度开尔文_008",
            "name": "选择温度属性后单位列表更新为摄氏度、华氏度、开尔文",
            "description": "用户切换至温度属性，检查单位选项是否精确匹配温度计量体系",
            "extra-info": {
                "value": "无"
            }
        },
        {
            "id": "S_选择货币属性后单位列表更新为USDEURCNYJPY等主流币种_009",
            "name": "选择货币属性后单位列表更新为USD、EUR、CNY、JPY等主流币种",
            "description": "用户选择货币属性，确认单位列表动态呈现支持的货币代码",
            "extra-info": {
                "value": "无"
            }
        },
        {
            "id": "S_首次启动时默认属性为长度单位列表默认显示长度单位_010",
            "name": "首次启动时默认属性为长度，单位列表默认显示长度单位",
            "description": "应用冷启动进入MainActivity，未做任何选择前观察初始单位列表状态",
            "extra-info": {
                "value": "无"
            }
        },
        {
            "id": "S_切换属性后原单位输入框内容被清空且不触发非法转换_011",
            "name": "切换属性后原单位输入框内容被清空且不触发非法转换",
            "description": "用户先选长度并输入'100'，再切换为温度属性",
            "extra-info": {
                "value": "无"
            }
        },
        {
            "id": "S_进入设置页并查看单位排序选项_012",
            "name": "进入设置页并查看单位排序选项",
            "description": "用户从主界面进入设置页面，验证单位排序功能入口是否存在且可点击",
            "extra-info": {
                "value": "无"
            }
        },
        {
            "id": "S_打开单位排序编辑界面_013",
            "name": "打开单位排序编辑界面",
            "description": "点击‘单位显示顺序’条目后，进入可拖拽调整顺序的单位列表页",
            "extra-info": {
                "value": "无"
            }
        },
        {
            "id": "S_拖拽调整单位顺序并保存_014",
            "name": "拖拽调整单位顺序并保存",
            "description": "用户将‘千克’拖拽至列表首位，松手后点击右上角‘保存’按钮",
            "extra-info": {
                "value": "拖拽起始位置：第5项（原顺序：米、千米、英尺、英寸、千克…）；目标位置：第1项"
            }
        },
        {
            "id": "S_在单位转换主界面验证新排序生效_015",
            "name": "在单位转换主界面验证新排序生效",
            "description": "返回MainActivity，点击输入单位选择器，检查单位列表是否按新顺序展示",
            "extra-info": {
                "value": "无"
            }
        },
        {
            "id": "S_重启App后验证单位顺序仍保持_016",
            "name": "重启App后验证单位顺序仍保持",
            "description": "关闭App进程后重新启动，进入单位选择界面检查排序",
            "extra-info": {
                "value": "无"
            }
        },
        {
            "id": "S_空单位列表边界测试_017",
            "name": "空单位列表边界测试",
            "description": "在单位排序编辑页中，尝试将全部单位拖出可视区域或清空列表（若UI允许）",
            "extra-info": {
                "value": "无"
            }
        },
        {
            "id": "S_恢复默认顺序功能验证_018",
            "name": "恢复默认顺序功能验证",
            "description": "在单位排序编辑页点击‘恢复默认’按钮",
            "extra-info": {
                "value": "无"
            }
        },
        {
            "id": "S_用户在设置中隐藏温度单位华氏度后主转换界面单位选择器中不再显示该选项_019",
            "name": "用户在设置中隐藏温度单位'华氏度'后，主转换界面单位选择器中不再显示该选项",
            "description": "用户进入设置页面，取消勾选'华氏度'，返回主转换界面，在温度转换类型下打开单位选择器",
            "extra-info": {
                "value": "当前转换类型为'温度'；设置中'华氏度'复选框状态为未勾选"
            }
        },
        {
            "id": "S_用户隐藏全部长度单位后在长度转换界面单位选择器中显示空列表提示_020",
            "name": "用户隐藏全部长度单位后，在长度转换界面单位选择器中显示空列表提示",
            "description": "用户进入设置页面，取消勾选所有长度单位（如米、英尺、英寸、千米、英里），切换至长度转换类型并点击单位选择器",
            "extra-info": {
                "value": "设置中'米'、'英尺'、'英寸'、'千米'、'英里'复选框均未勾选；当前转换类型为'长度'"
            }
        },
        {
            "id": "S_用户恢复隐藏的货币单位日元后货币转换界面单位选择器立即刷新并显示该选项_021",
            "name": "用户恢复隐藏的货币单位'日元'后，货币转换界面单位选择器立即刷新并显示该选项",
            "description": "用户此前已隐藏'日元'，现进入设置页面重新勾选该单位，返回货币转换界面并打开单位选择器",
            "extra-info": {
                "value": "设置中'日元'复选框由未勾选变为已勾选；当前转换类型为'货币'"
            }
        },
        {
            "id": "S_用户尝试隐藏唯一启用的体积单位升时系统阻止操作并保持勾选状态_022",
            "name": "用户尝试隐藏唯一启用的体积单位'升'时，系统阻止操作并保持勾选状态",
            "description": "用户在设置中仅启用'升'一个体积单位，点击其复选框试图取消勾选",
            "extra-info": {
                "value": "设置中仅'升'为勾选状态，其余体积单位（如'加仑'、'毫升'、'立方英尺'）均未勾选"
            }
        },
        {
            "id": "S_首次安装应用后所有预定义单位默认处于启用状态_023",
            "name": "首次安装应用后，所有预定义单位默认处于启用状态",
            "description": "新用户首次启动应用，跳过引导页，直接进入设置页面查看单位列表",
            "extra-info": {
                "value": "无"
            }
        },
        {
            "id": "S_切换语言为中文_024",
            "name": "切换语言为中文",
            "description": "用户在设置页面选择中文，验证主界面、单位转换器标题、按钮及提示文本是否全部变为简体中文",
            "extra-info": {
                "value": "当前单位偏好：From=米，To=英里；系统原语言为英文"
            }
        },
        {
            "id": "S_切换语言为法语_025",
            "name": "切换语言为法语",
            "description": "用户在设置页选择法语，检查数值输入区、操作按钮、错误提示等是否完整呈现法语本地化文本",
            "extra-info": {
                "value": "当前单位偏好：From=摄氏度，To=华氏度；原语言为英文"
            }
        },
        {
            "id": "S_语言切换后返回首页不丢失偏好_026",
            "name": "语言切换后返回首页不丢失偏好",
            "description": "用户从MainActivity进入设置页，切换语言后按返回键回到主界面，验证单位配置和输入值是否保留",
            "extra-info": {
                "value": "输入值：25.5；From单位：盎司；To单位：克；原语言：英文；目标语言：西班牙文"
            }
        },
        {
            "id": "S_无网络环境下切换语言生效_027",
            "name": "无网络环境下切换语言生效",
            "description": "关闭设备网络连接，在设置中将语言由英文切至日文，观察界面响应与文本变更",
            "extra-info": {
                "value": "设备处于飞行模式；当前偏好：From=毫升，To=加仑；原语言：英文"
            }
        },
        {
            "id": "S_切换语言时输入框内容与焦点保持_028",
            "name": "切换语言时输入框内容与焦点保持",
            "description": "在MainActivity输入框中输入'100'并聚焦，进入设置切换语言，返回后检查输入状态",
            "extra-info": {
                "value": "输入值：100；光标位置：输入框末尾；原语言：英文；目标语言：德文"
            }
        },
        {
            "id": "S_输入纯字母触发校验提示_029",
            "name": "输入纯字母触发校验提示",
            "description": "在转换界面的数值输入框中输入英文字符 'abc'，点击转换按钮",
            "extra-info": {
                "value": "输入值：'abc'"
            }
        },
        {
            "id": "S_输入特殊符号触发校验提示_030",
            "name": "输入特殊符号触发校验提示",
            "description": "在转换界面的数值输入框中输入 '@#$%'，点击转换按钮",
            "extra-info": {
                "value": "输入值：'@#$%'"
            }
        },
        {
            "id": "S_输入字母与数字混合触发校验提示_031",
            "name": "输入字母与数字混合触发校验提示",
            "description": "在转换界面的数值输入框中输入 '123abc'，点击转换按钮",
            "extra-info": {
                "value": "输入值：'123abc'"
            }
        },
        {
            "id": "S_输入空格开头的数字触发校验提示_032",
            "name": "输入空格开头的数字触发校验提示",
            "description": "在转换界面的数值输入框中输入 '   42'（含前导空格），点击转换按钮",
            "extra-info": {
                "value": "输入值：'   42'"
            }
        },
        {
            "id": "S_输入空字符串后尝试转换_033",
            "name": "输入空字符串后尝试转换",
            "description": "清空转换界面数值输入框，使其为空，点击转换按钮",
            "extra-info": {
                "value": "输入值：''"
            }
        },
        {
            "id": "S_未选择物理属性时点击转换按钮_034",
            "name": "未选择物理属性时点击转换按钮",
            "description": "用户打开主界面后，未选择任何物理属性（如长度、温度、重量等），直接点击转换按钮",
            "extra-info": {
                "value": "无"
            }
        },
        {
            "id": "S_仅选择物理属性但未选源单位时点击转换_035",
            "name": "仅选择物理属性但未选源单位时点击转换",
            "description": "用户选择物理属性为‘长度’，但源单位下拉框仍为默认提示项（如‘请选择源单位’），目标单位任意选择，点击转换按钮",
            "extra-info": {
                "value": "物理属性：长度；目标单位：米"
            }
        },
        {
            "id": "S_仅选择物理属性但未选目标单位时点击转换_036",
            "name": "仅选择物理属性但未选目标单位时点击转换",
            "description": "用户选择物理属性为‘温度’，源单位设为‘摄氏度’，目标单位仍为默认提示项（如‘请选择目标单位’），点击转换按钮",
            "extra-info": {
                "value": "物理属性：温度；源单位：摄氏度"
            }
        },
        {
            "id": "S_源单位和目标单位均未选择时点击转换_037",
            "name": "源单位和目标单位均未选择时点击转换",
            "description": "用户选择物理属性为‘重量’，源单位和目标单位均保持初始未选状态（如显示‘请选择单位’），点击转换按钮",
            "extra-info": {
                "value": "物理属性：重量"
            }
        },
        {
            "id": "S_输入数值后删除全部内容再点击转换源目标单位已选_038",
            "name": "输入数值后删除全部内容再点击转换（源/目标单位已选）",
            "description": "用户已正确选择物理属性、源单位和目标单位，并输入数值‘100’，随后清空输入框，点击转换按钮",
            "extra-info": {
                "value": "物理属性：长度；源单位：千米；目标单位：米；输入值：（空）"
            }
        },
        {
            "id": "S_网络异常时点击重试按钮恢复主流程_039",
            "name": "网络异常时点击重试按钮恢复主流程",
            "description": "用户在单位换算页面因无网络触发错误提示，点击重试按钮后重新加载页面并恢复输入状态",
            "extra-info": {
                "value": "输入数值: 100, 源单位: 米, 目标单位: 英尺"
            }
        },
        {
            "id": "S_非法输入导致解析失败后点击返回首页_040",
            "name": "非法输入导致解析失败后点击返回首页",
            "description": "用户在数值输入框输入非数字字符（如'abc'）触发格式错误提示，点击‘返回首页’按钮跳转至初始主界面",
            "extra-info": {
                "value": "输入内容: abc"
            }
        },
        {
            "id": "S_空输入提交后通过重试按钮恢复交互_041",
            "name": "空输入提交后通过重试按钮恢复交互",
            "description": "用户未填写任何数值即点击换算按钮，触发空输入错误提示，点击重试后焦点回到数值输入框并可继续输入",
            "extra-info": {
                "value": "无"
            }
        },
        {
            "id": "S_单位组合不支持时点击返回首页跳转成功_042",
            "name": "单位组合不支持时点击返回首页跳转成功",
            "description": "用户选择暂不支持的单位组合（如'摄氏度→比特'）触发不兼容错误，点击‘返回首页’按钮退出当前配置",
            "extra-info": {
                "value": "源单位: 摄氏度, 目标单位: 比特"
            }
        },
        {
            "id": "S_连续两次错误后重试按钮仍可响应_043",
            "name": "连续两次错误后重试按钮仍可响应",
            "description": "用户先后触发空输入和非法字符错误，两次弹出不同错误提示，第二次点击重试后恢复正常换算能力",
            "extra-info": {
                "value": "输入内容: xyz"
            }
        }
    ]
}