[
    {
        "id": "FR-001",
        "name": "主界面功能导航",
        "requirement": "系统应在应用启动后于主界面展示核心功能入口，用户可直观获取功能列表并选择进入相应服务页面",
        "type": "功能性"
    },
    {
        "id": "FR-002",
        "name": "网页内容加载",
        "requirement": "系统应支持在应用内加载指定网页内容，并确保页面资源完整显示，用户可正常查看文本、图片等基础元素",
        "type": "功能性"
    },
    {
        "id": "FR-003",
        "name": "网页交互支持",
        "requirement": "系统应启用JavaScript与DOM存储功能，支持用户在网页中进行点击链接、提交表单、动态内容加载等交互操作",
        "type": "功能性"
    },
    {
        "id": "FR-004",
        "name": "网页加载异常处理",
        "requirement": "当网络异常或目标网址不可达时，系统应在页面内提示用户加载失败，并提供重试选项以重新加载网页",
        "type": "功能性"
    },
    {
        "id": "FR-005",
        "name": "页面跳转连续性",
        "requirement": "用户在网页内进行多次跳转后，系统应支持返回上一页面操作，且历史记录保持连贯，内容正确加载",
        "type": "功能性"
    },
    {
        "id": "FR-006",
        "name": "本地化内容显示",
        "requirement": "系统应正确渲染中文文本及符号，确保网页中包含的中文内容清晰可读，无乱码或编码错误",
        "type": "界面"
    },
    {
        "id": "FR-007",
        "name": "加载性能要求",
        "requirement": "系统应在常规网络条件下于3秒内完成网页首屏内容渲染，保证用户操作流畅性",
        "type": "性能"
    },
    {
        "id": "FR-008",
        "name": "输入安全性",
        "requirement": "当网页涉及用户输入（如登录、表单填写）时，系统应防止敏感信息明文存储，并对输入内容做基本安全过滤",
        "type": "安全性"
    }
]