{
    "apps": [
        {
            "id": "A1",
            "name": "com.ferrarid.converterpro",
            "package": "com.ferrarid.converterpro",
            "launch-activity": "com.ferrarid.converterpro.MainActivity"
        }
    ],
    "scenarios": [
        {
            "id": "S_验证主界面显示核心功能入口_001",
            "name": "验证主界面显示核心功能入口",
            "description": "启动应用后，主界面应展示多个核心功能的入口图标或按钮",
            "extra-info": {
                "value": "无"
            }
        },
        {
            "id": "S_点击货币转换功能入口_002",
            "name": "点击货币转换功能入口",
            "description": "用户点击主界面上的货币转换图标",
            "extra-info": {
                "value": "用户点击‘货币转换’按钮"
            }
        },
        {
            "id": "S_点击长度转换功能入口_003",
            "name": "点击长度转换功能入口",
            "description": "用户点击主界面上的长度转换图标",
            "extra-info": {
                "value": "用户点击‘长度转换’按钮"
            }
        },
        {
            "id": "S_点击温度转换功能入口_004",
            "name": "点击温度转换功能入口",
            "description": "用户点击主界面上的温度转换图标",
            "extra-info": {
                "value": "用户点击‘温度转换’按钮"
            }
        },
        {
            "id": "S_检查主界面功能入口名称是否清晰可读_005",
            "name": "检查主界面功能入口名称是否清晰可读",
            "description": "主界面上各功能入口的文字标签应明确表达其对应的功能类型",
            "extra-info": {
                "value": "无"
            }
        },
        {
            "id": "S_验证主界面在横屏模式下功能布局完整性_006",
            "name": "验证主界面在横屏模式下功能布局完整性",
            "description": "将设备切换为横屏方向后查看主界面功能入口显示情况",
            "extra-info": {
                "value": "设备旋转至横向模式"
            }
        },
        {
            "id": "S_验证主界面无网络时功能入口可用性_007",
            "name": "验证主界面无网络时功能入口可用性",
            "description": "在断网状态下打开应用，查看主界面功能入口是否仍可访问",
            "extra-info": {
                "value": "手机飞行模式开启"
            }
        },
        {
            "id": "S_连续跳转后返回上一页面_008",
            "name": "连续跳转后返回上一页面",
            "description": "用户从主页面依次跳转至两个子页面后，通过返回功能逐级回到起始页面",
            "extra-info": {
                "value": "无"
            }
        },
        {
            "id": "S_多次跳转后快速连续返回_009",
            "name": "多次跳转后快速连续返回",
            "description": "用户在应用内完成三次以上页面跳转后，连续点击返回按钮",
            "extra-info": {
                "value": "无"
            }
        },
        {
            "id": "S_跳转至汇率转换页面后返回_010",
            "name": "跳转至汇率转换页面后返回",
            "description": "用户从首页进入货币转换页面，再跳转至汇率详情页后返回",
            "extra-info": {
                "value": "用户已输入金额：100，原币种：USD，目标币种：CNY"
            }
        },
        {
            "id": "S_跳转过程中触发后台切换再返回_011",
            "name": "跳转过程中触发后台切换再返回",
            "description": "用户跳转至长度换算页面后，将应用切至后台5秒后重新进入并执行返回操作",
            "extra-info": {
                "value": "用户选择换算类型：米 到 英尺，输入值：2.5"
            }
        },
        {
            "id": "S_空历史栈时点击返回_012",
            "name": "空历史栈时点击返回",
            "description": "用户首次打开应用，在未进行任何跳转时点击返回按钮",
            "extra-info": {
                "value": "无"
            }
        },
        {
            "id": "S_验证中文标题显示正常_013",
            "name": "验证中文标题显示正常",
            "description": "在应用主界面查看是否存在中文标题或标签，确认其是否正确显示为可读中文，无乱码或方框符号。",
            "extra-info": {
                "value": "页面中包含的中文示例：'货币转换器'、'长度单位换算'"
            }
        },
        {
            "id": "S_检查中文错误提示信息显示_014",
            "name": "检查中文错误提示信息显示",
            "description": "在执行非法操作（如输入无效数值）后，观察错误提示是否使用清晰的中文进行提示",
            "extra-info": {
                "value": "用户输入：abc"
            }
        },
        {
            "id": "S_验证中文帮助说明内容可读性_015",
            "name": "验证中文帮助说明内容可读性",
            "description": "进入设置或帮助页面，查看是否有中文说明文本，并确认其排版与字符显示正常",
            "extra-info": {
                "value": "帮助内容示例：'本工具支持实时汇率转换，数据每小时更新一次。'"
            }
        },
        {
            "id": "S_切换系统语言为中文后内容本地化_016",
            "name": "切换系统语言为中文后内容本地化",
            "description": "将手机系统语言设为简体中文后重新打开应用，检查界面是否自动切换为中文显示",
            "extra-info": {
                "value": "系统语言设置：简体中文"
            }
        },
        {
            "id": "S_验证含中文混合符号的显示效果_017",
            "name": "验证含中文混合符号的显示效果",
            "description": "查看界面中是否出现中英文混排、中文与数字/符号共存的情况，确认显示清晰",
            "extra-info": {
                "value": "显示内容示例：'当前汇率：1美元 = 7.23元人民币'"
            }
        }
    ]
}