[
    {
        "id": "TC-01-01",
        "name": "验证主界面显示核心功能入口",
        "description": "启动应用后，主界面应展示多个核心功能的入口图标或按钮",
        "objective": "确认主界面正确加载并显示所有核心功能导航项",
        "extra_info": "无",
        "expected_result": "主界面成功显示货币转换、长度转换、温度转换、重量转换、体积转换等主要功能入口"
    },
    {
        "id": "TC-01-02",
        "name": "点击货币转换功能入口",
        "description": "用户点击主界面上的货币转换图标",
        "objective": "验证能否从主界面进入货币转换服务页面",
        "extra_info": "用户点击‘货币转换’按钮",
        "expected_result": "成功跳转至货币转换操作页面，页面包含货币输入框和可选币种列表"
    },
    {
        "id": "TC-01-03",
        "name": "点击长度转换功能入口",
        "description": "用户点击主界面上的长度转换图标",
        "objective": "验证能否从主界面进入长度转换服务页面",
        "extra_info": "用户点击‘长度转换’按钮",
        "expected_result": "成功跳转至长度转换操作页面，页面包含米、千米、英尺、英寸等单位选择项"
    },
    {
        "id": "TC-01-04",
        "name": "点击温度转换功能入口",
        "description": "用户点击主界面上的温度转换图标",
        "objective": "验证能否从主界面进入温度转换服务页面",
        "extra_info": "用户点击‘温度转换’按钮",
        "expected_result": "成功跳转至温度转换操作页面，支持摄氏度、华氏度、开尔文之间的转换"
    },
    {
        "id": "TC-01-05",
        "name": "检查主界面功能入口名称是否清晰可读",
        "description": "主界面上各功能入口的文字标签应明确表达其对应的功能类型",
        "objective": "确保用户能通过文字标识准确理解每个入口的功能",
        "extra_info": "无",
        "expected_result": "所有功能入口均使用中文标注，如‘货币’、‘长度’、‘温度’、‘重量’、‘体积’，无英文缩写或模糊命名"
    },
    {
        "id": "TC-01-06",
        "name": "验证主界面在横屏模式下功能布局完整性",
        "description": "将设备切换为横屏方向后查看主界面功能入口显示情况",
        "objective": "确认界面适配横屏且功能入口完整可见",
        "extra_info": "设备旋转至横向模式",
        "expected_result": "所有核心功能入口仍正常显示，布局合理，无内容重叠或缺失"
    },
    {
        "id": "TC-01-07",
        "name": "验证主界面无网络时功能入口可用性",
        "description": "在断网状态下打开应用，查看主界面功能入口是否仍可访问",
        "objective": "确认本地功能不受网络影响",
        "extra_info": "手机飞行模式开启",
        "expected_result": "主界面功能入口正常显示，除需联网的功能外其余均可点击进入"
    },
    {
        "id": "TC-02-01",
        "name": "连续跳转后返回上一页面",
        "description": "用户从主页面依次跳转至两个子页面后，通过返回功能逐级回到起始页面",
        "objective": "验证页面跳转的连续性与返回操作的正确性",
        "extra_info": "无",
        "expected_result": "每一步返回操作均能正确加载前一页面内容，页面数据完整且无崩溃"
    },
    {
        "id": "TC-02-02",
        "name": "多次跳转后快速连续返回",
        "description": "用户在应用内完成三次以上页面跳转后，连续点击返回按钮",
        "objective": "验证历史记录栈是否保持连贯，返回路径是否正确",
        "extra_info": "无",
        "expected_result": "页面按进入顺序逆序正确显示，最终可返回至初始页面"
    },
    {
        "id": "TC-02-03",
        "name": "跳转至汇率转换页面后返回",
        "description": "用户从首页进入货币转换页面，再跳转至汇率详情页后返回",
        "objective": "验证特定功能页面间的跳转与返回一致性",
        "extra_info": "用户已输入金额：100，原币种：USD，目标币种：CNY",
        "expected_result": "返回后主转换界面数据保留，输入金额和选中币种未丢失"
    },
    {
        "id": "TC-02-04",
        "name": "跳转过程中触发后台切换再返回",
        "description": "用户跳转至长度换算页面后，将应用切至后台5秒后重新进入并执行返回操作",
        "objective": "验证前后台切换对页面历史栈的影响",
        "extra_info": "用户选择换算类型：米 到 英尺，输入值：2.5",
        "expected_result": "应用恢复后页面状态保留，返回操作仍可正常回退"
    },
    {
        "id": "TC-02-05",
        "name": "空历史栈时点击返回",
        "description": "用户首次打开应用，在未进行任何跳转时点击返回按钮",
        "objective": "验证初始状态下返回操作的行为合理性",
        "extra_info": "无",
        "expected_result": "应用退出或提示用户确认退出，不出现异常崩溃"
    },
    {
        "id": "TC-03-01",
        "name": "验证中文标题显示正常",
        "description": "在应用主界面查看是否存在中文标题或标签，确认其是否正确显示为可读中文，无乱码或方框符号。",
        "objective": "确保应用内中文文本内容能被正确渲染",
        "extra_info": "页面中包含的中文示例：'货币转换器'、'长度单位换算'",
        "expected_result": "所有中文标题、按钮文字和提示信息均以清晰、正确的汉字显示，无乱码、问号或方块字符"
    },
    {
        "id": "TC-03-02",
        "name": "检查中文错误提示信息显示",
        "description": "在执行非法操作（如输入无效数值）后，观察错误提示是否使用清晰的中文进行提示",
        "objective": "验证错误消息是否本地化为中文并正确显示",
        "extra_info": "用户输入：abc",
        "expected_result": "系统弹出的错误提示为中文，例如“请输入有效的数字”或“数值不能为空”"
    },
    {
        "id": "TC-03-03",
        "name": "验证中文帮助说明内容可读性",
        "description": "进入设置或帮助页面，查看是否有中文说明文本，并确认其排版与字符显示正常",
        "objective": "确保长段中文文本能够正确加载和展示",
        "extra_info": "帮助内容示例：'本工具支持实时汇率转换，数据每小时更新一次。'",
        "expected_result": "帮助文档中的中文段落完整显示，标点符号（如句号“。”、顿号“、”）正确呈现，无编码异常"
    },
    {
        "id": "TC-03-04",
        "name": "切换系统语言为中文后内容本地化",
        "description": "将手机系统语言设为简体中文后重新打开应用，检查界面是否自动切换为中文显示",
        "objective": "验证应用支持系统级语言切换并正确加载中文资源",
        "extra_info": "系统语言设置：简体中文",
        "expected_result": "应用界面元素（如按钮、菜单项、标签）均显示为对应中文翻译，无残留英文或乱码"
    },
    {
        "id": "TC-03-05",
        "name": "验证含中文混合符号的显示效果",
        "description": "查看界面中是否出现中英文混排、中文与数字/符号共存的情况，确认显示清晰",
        "objective": "确保中文与常见符号组合时渲染正常",
        "extra_info": "显示内容示例：'当前汇率：1美元 = 7.23元人民币'",
        "expected_result": "如“温度：25℃”、“距离：3.5公里”等表达式中，中文、数字与单位符号正确对齐且无乱码"
    }
]