{
    "apps": [
        {
            "id": "A1",
            "name": "com.ferrarid.converterpro",
            "package": "com.ferrarid.converterpro",
            "launch-activity": "com.ferrarid.converterpro.MainActivity"
        }
    ],
    "scenarios": [
        {
            "id": "S_主界面正常启动并显示功能导航区域_001",
            "name": "主界面正常启动并显示功能导航区域",
            "description": "启动应用后，主界面成功加载，顶部标题栏、功能图标网格及底部导航栏均可见且布局合理",
            "extra-info": {
                "value": "无"
            }
        },
        {
            "id": "S_功能卡片可点击并跳转至对应转换器页面_002",
            "name": "功能卡片可点击并跳转至对应转换器页面",
            "description": "用户点击主界面任一功能卡片（如‘温度转换’），应跳转至该类型专用转换界面",
            "extra-info": {
                "value": "无"
            }
        },
        {
            "id": "S_主界面在弱网环境下仍能完成基础渲染_003",
            "name": "主界面在弱网环境下仍能完成基础渲染",
            "description": "模拟网络受限状态（如仅允许DNS解析但禁用HTTP请求）下启动应用，主界面关键元素仍可显示",
            "extra-info": {
                "value": "无"
            }
        },
        {
            "id": "S_主界面无功能数据时默认状态正确_004",
            "name": "主界面无功能数据时默认状态正确",
            "description": "首次安装或清除数据后首次启动，主界面不依赖远程配置或用户历史，应展示预置功能入口",
            "extra-info": {
                "value": "无"
            }
        },
        {
            "id": "S_主界面在屏幕旋转后保持功能入口可用_005",
            "name": "主界面在屏幕旋转后保持功能入口可用",
            "description": "用户将设备从竖屏旋转至横屏，主界面重新布局后所有功能卡片仍可识别并点击",
            "extra-info": {
                "value": "无"
            }
        },
        {
            "id": "S_点击网页页面左上角返回按钮成功返回至上一网页_006",
            "name": "点击网页页面左上角返回按钮，成功返回至上一网页",
            "description": "用户在网页浏览页面（如加载了外部URL的WebView页）中，点击页面左上角可见的返回箭头按钮",
            "extra-info": {
                "value": "无"
            }
        },
        {
            "id": "S_连续点击返回按钮从第三层网页逐级返回至主界面_007",
            "name": "连续点击返回按钮，从第三层网页逐级返回至主界面",
            "description": "用户依次打开网页A → 网页B → 网页C，在网页C中连续两次点击左上角返回按钮",
            "extra-info": {
                "value": "无"
            }
        },
        {
            "id": "S_网页为首页时点击返回按钮退出网页浏览并回到主界面_008",
            "name": "网页为首页时点击返回按钮，退出网页浏览并回到主界面",
            "description": "用户在WebView中加载并显示首页（如https://www.example.com），此时为历史栈唯一页面，点击左上角返回按钮",
            "extra-info": {
                "value": "无"
            }
        },
        {
            "id": "S_按系统返回键从当前网页返回至上一网页_009",
            "name": "按系统返回键，从当前网页返回至上一网页",
            "description": "用户在网页浏览页面中按下手机物理/虚拟返回键",
            "extra-info": {
                "value": "无"
            }
        },
        {
            "id": "S_网页加载失败时点击返回按钮返回至主界面_010",
            "name": "网页加载失败时点击返回按钮，返回至主界面",
            "description": "用户尝试加载一个无法访问的URL（如http://invalid-url-12345.com），页面显示‘无法连接’错误页，此时点击左上角返回按钮",
            "extra-info": {
                "value": "无"
            }
        }
    ]
}