{
    "apps": [
        {
            "id": "A1",
            "name": "com.ferrarid.converterpro",
            "package": "com.ferrarid.converterpro",
            "launch-activity": "com.ferrarid.converterpro.MainActivity"
        }
    ],
    "scenarios": [
        {
            "id": "S_验证应用启动并显示主界面_001",
            "name": "验证应用启动并显示主界面",
            "description": "用户点击应用图标后，应用应正常启动并展示主界面，界面上包含核心功能的导航入口。",
            "extra-info": {
                "value": "无"
            }
        },
        {
            "id": "S_主界面导航入口可见性检查_002",
            "name": "主界面导航入口可见性检查",
            "description": "主界面应展示多个常用单位转换类别的图标或文字链接，供用户选择进入具体功能页面。",
            "extra-info": {
                "value": "无"
            }
        },
        {
            "id": "S_主界面无响应情况测试_003",
            "name": "主界面无响应情况测试",
            "description": "在低性能设备或高负载环境下启动应用，检查主界面是否仍能正常渲染并响应用户操作。",
            "extra-info": {
                "value": "模拟内存不足警告，设备剩余RAM低于512MB"
            }
        },
        {
            "id": "S_首次启动主界面展示检查_004",
            "name": "首次启动主界面展示检查",
            "description": "新安装后首次启动应用，主界面应直接呈现核心功能导航，不强制跳转引导页或广告页。",
            "extra-info": {
                "value": "无"
            }
        },
        {
            "id": "S_主界面空状态检查_005",
            "name": "主界面空状态检查",
            "description": "在无网络连接的情况下启动应用，检查主界面是否仍能本地加载基本导航结构。",
            "extra-info": {
                "value": "关闭Wi-Fi与移动数据"
            }
        },
        {
            "id": "S_点击网页链接跳转目标页面_006",
            "name": "点击网页链接跳转目标页面",
            "description": "用户在应用内浏览包含超链接的网页内容，点击链接后应在当前环境中加载目标页面",
            "extra-info": {
                "value": "链接示例：https://www.example.com/news"
            }
        },
        {
            "id": "S_点击内部锚点链接平滑滚动_007",
            "name": "点击内部锚点链接平滑滚动",
            "description": "用户点击页面内的锚点链接时，页面应平滑滚动至对应章节位置",
            "extra-info": {
                "value": "锚点链接示例：#section-2"
            }
        },
        {
            "id": "S_点击无效链接提示处理_008",
            "name": "点击无效链接提示处理",
            "description": "用户点击一个格式错误或无法访问的链接时，系统应给出适当反馈",
            "extra-info": {
                "value": "无效链接示例：https://invalid-site-dne12345.com"
            }
        },
        {
            "id": "S_点击下载链接触发资源获取_009",
            "name": "点击下载链接触发资源获取",
            "description": "用户点击指向文件资源的链接（如PDF、文档），系统应启动下载流程",
            "extra-info": {
                "value": "文件链接示例：https://example.com/report.pdf"
            }
        },
        {
            "id": "S_返回按钮支持浏览历史回退_010",
            "name": "返回按钮支持浏览历史回退",
            "description": "用户在多次点击链接跳转后，使用返回功能应能逐级退回先前页面",
            "extra-info": {
                "value": "无"
            }
        },
        {
            "id": "S_验证主界面货币转换功能入口可见且可点击_011",
            "name": "验证主界面货币转换功能入口可见且可点击",
            "description": "检查主界面是否显示货币转换功能入口，并能正常跳转至对应页面",
            "extra-info": {
                "value": "无"
            }
        },
        {
            "id": "S_验证主界面长度单位转换入口可见且可点击_012",
            "name": "验证主界面长度单位转换入口可见且可点击",
            "description": "检查主界面是否显示长度单位转换入口，并能正常跳转至对应页面",
            "extra-info": {
                "value": "无"
            }
        },
        {
            "id": "S_验证主界面温度单位转换入口可见且可点击_013",
            "name": "验证主界面温度单位转换入口可见且可点击",
            "description": "检查主界面是否显示温度单位转换入口，并能正常跳转至对应页面",
            "extra-info": {
                "value": "无"
            }
        },
        {
            "id": "S_验证主界面重量单位转换入口可见且可点击_014",
            "name": "验证主界面重量单位转换入口可见且可点击",
            "description": "检查主界面是否显示重量单位转换入口，并能正常跳转至对应页面",
            "extra-info": {
                "value": "无"
            }
        },
        {
            "id": "S_验证主界面面积单位转换入口可见且可点击_015",
            "name": "验证主界面面积单位转换入口可见且可点击",
            "description": "检查主界面是否显示面积单位转换入口，并能正常跳转至对应页面",
            "extra-info": {
                "value": "无"
            }
        },
        {
            "id": "S_验证主界面速度单位转换入口可见且可点击_016",
            "name": "验证主界面速度单位转换入口可见且可点击",
            "description": "检查主界面是否显示速度单位转换入口，并能正常跳转至对应页面",
            "extra-info": {
                "value": "无"
            }
        },
        {
            "id": "S_验证主界面数据存储单位转换入口可见且可点击_017",
            "name": "验证主界面数据存储单位转换入口可见且可点击",
            "description": "检查主界面是否显示数据存储单位转换入口，并能正常跳转至对应页面",
            "extra-info": {
                "value": "无"
            }
        },
        {
            "id": "S_验证主界面时间单位转换入口可见且可点击_018",
            "name": "验证主界面时间单位转换入口可见且可点击",
            "description": "检查主界面是否显示时间单位转换入口，并能正常跳转至对应页面",
            "extra-info": {
                "value": "无"
            }
        },
        {
            "id": "S_验证主界面所有功能入口在小屏设备上完整显示_019",
            "name": "验证主界面所有功能入口在小屏设备上完整显示",
            "description": "检查在较小屏幕分辨率下，主界面所有功能入口是否仍完整可见且无遮挡",
            "extra-info": {
                "value": "模拟设备：5英寸屏幕，分辨率720x1280"
            }
        },
        {
            "id": "S_验证主界面功能入口在空网络状态下是否仍可点击跳转_020",
            "name": "验证主界面功能入口在空网络状态下是否仍可点击跳转",
            "description": "检查在网络不可用时，主界面各功能入口是否仍可正常响应点击并跳转",
            "extra-info": {
                "value": "关闭Wi-Fi与移动数据"
            }
        },
        {
            "id": "S_验证主界面中文标题显示正常_021",
            "name": "验证主界面中文标题显示正常",
            "description": "检查应用主界面中是否存在中文标题或标签，并确认其显示是否正确。",
            "extra-info": {
                "value": "无"
            }
        },
        {
            "id": "S_验证货币转换页面中文名称显示_022",
            "name": "验证货币转换页面中文名称显示",
            "description": "进入货币转换功能页面，查看各种货币的中文名称是否正确展示。",
            "extra-info": {
                "value": "无"
            }
        },
        {
            "id": "S_验证长度单位换算项的中文标识_023",
            "name": "验证长度单位换算项的中文标识",
            "description": "在长度换算模块中查看单位名称是否支持中文显示。",
            "extra-info": {
                "value": "无"
            }
        },
        {
            "id": "S_输入含中文的自定义备注信息_024",
            "name": "输入含中文的自定义备注信息",
            "description": "在支持用户输入的字段中输入中文字符作为备注或标签。",
            "extra-info": {
                "value": "用户输入：'测试中文输入'"
            }
        },
        {
            "id": "S_切换系统语言为中文后界面显示验证_025",
            "name": "切换系统语言为中文后界面显示验证",
            "description": "将手机系统语言设为简体中文后重新打开应用，检查界面语言响应情况。",
            "extra-info": {
                "value": "系统语言设置：简体中文"
            }
        }
    ]
}