[
    {
        "id": "FR-001",
        "name": "主界面可正常启动并提供功能入口",
        "requirement": "系统应成功加载主界面，展示清晰的功能导航区域，使用户能识别并选择后续操作路径。",
        "type": "功能性"
    },
    {
        "id": "FR-002",
        "name": "支持在应用内安全加载并渲染指定网页",
        "requirement": "系统应在独立页面中加载用户指定的合法URL（如https://example.com），启用JavaScript执行与DOM存储能力，并完整呈现网页内容及交互控件。",
        "type": "功能性"
    },
    {
        "id": "FR-003",
        "name": "网页加载失败时提供明确提示",
        "requirement": "当目标网页无法访问（如网络不可用、URL格式错误或服务器返回404）时，系统应在当前页面显示中文错误提示（例如'网页加载失败，请检查网络或网址'），不崩溃、不黑屏、不跳转至空白页。",
        "type": "功能性"
    },
    {
        "id": "FR-004",
        "name": "支持网页基础交互操作",
        "requirement": "系统应允许用户在加载完成的网页中执行点击链接、输入表单字段、提交表单等基本交互行为，且页面响应符合预期（如跳转至新页面、提交成功反馈等）。",
        "type": "功能性"
    },
    {
        "id": "FR-005",
        "name": "网页页面具备返回导航能力",
        "requirement": "系统应在网页浏览页面提供可见且可用的返回按钮（或支持系统返回键），使用户可逐级返回至上一网页或退出网页浏览回到主界面。",
        "type": "功能性"
    }
]