[
    {
        "id": "TC-01-01",
        "name": "验证应用启动并显示主界面",
        "description": "用户点击应用图标后，应用应正常启动并展示主界面，界面上包含核心功能的导航入口。",
        "objective": "确认应用可以成功启动并进入主界面",
        "extra_info": "无",
        "expected_result": "应用启动后主界面正确加载，显示至少一个功能分类导航项，如货币、长度或重量转换入口"
    },
    {
        "id": "TC-01-02",
        "name": "主界面导航入口可见性检查",
        "description": "主界面应展示多个常用单位转换类别的图标或文字链接，供用户选择进入具体功能页面。",
        "objective": "验证主界面提供可访问核心功能的导航元素",
        "extra_info": "无",
        "expected_result": "主界面上可见‘货币’、‘长度’、‘重量’、‘温度’等至少四个分类入口，可点击操作"
    },
    {
        "id": "TC-01-03",
        "name": "主界面无响应情况测试",
        "description": "在低性能设备或高负载环境下启动应用，检查主界面是否仍能正常渲染并响应用户操作。",
        "objective": "验证主界面在异常设备条件下仍可使用",
        "extra_info": "模拟内存不足警告，设备剩余RAM低于512MB",
        "expected_result": "即使加载稍慢，主界面最终完整显示且所有导航入口可点击"
    },
    {
        "id": "TC-01-04",
        "name": "首次启动主界面展示检查",
        "description": "新安装后首次启动应用，主界面应直接呈现核心功能导航，不强制跳转引导页或广告页。",
        "objective": "确保首次启动也能进入主界面",
        "extra_info": "无",
        "expected_result": "首次启动时直接进入主界面，未被重定向至其他非主界面页面"
    },
    {
        "id": "TC-01-05",
        "name": "主界面空状态检查",
        "description": "在无网络连接的情况下启动应用，检查主界面是否仍能本地加载基本导航结构。",
        "objective": "验证主界面基础内容可在离线状态下显示",
        "extra_info": "关闭Wi-Fi与移动数据",
        "expected_result": "即使无网络，主界面仍显示本地支持的转换类别入口，仅部分在线功能置灰不可用"
    },
    {
        "id": "TC-02-01",
        "name": "点击网页链接跳转目标页面",
        "description": "用户在应用内浏览包含超链接的网页内容，点击链接后应在当前环境中加载目标页面",
        "objective": "验证链接点击后能在同一界面环境中完成页面跳转",
        "extra_info": "链接示例：https://www.example.com/news",
        "expected_result": "点击链接后成功加载目标网页内容，页面切换流畅，无外部浏览器打开行为"
    },
    {
        "id": "TC-02-02",
        "name": "点击内部锚点链接平滑滚动",
        "description": "用户点击页面内的锚点链接时，页面应平滑滚动至对应章节位置",
        "objective": "验证锚点链接可在同页内正确触发定位跳转",
        "extra_info": "锚点链接示例：#section-2",
        "expected_result": "页面视图自动滚动到锚点对应的内容区域，URL无跳转但片段标识更新"
    },
    {
        "id": "TC-02-03",
        "name": "点击无效链接提示处理",
        "description": "用户点击一个格式错误或无法访问的链接时，系统应给出适当反馈",
        "objective": "验证对非法链接的容错处理机制",
        "extra_info": "无效链接示例：https://invalid-site-dne12345.com",
        "expected_result": "显示友好提示如'页面无法访问'或'链接无效'，不崩溃或卡死"
    },
    {
        "id": "TC-02-04",
        "name": "点击下载链接触发资源获取",
        "description": "用户点击指向文件资源的链接（如PDF、文档），系统应启动下载流程",
        "objective": "验证非网页类链接能正确识别并执行下载操作",
        "extra_info": "文件链接示例：https://example.com/report.pdf",
        "expected_result": "弹出下载确认或自动加入下载队列，状态可追踪"
    },
    {
        "id": "TC-02-05",
        "name": "返回按钮支持浏览历史回退",
        "description": "用户在多次点击链接跳转后，使用返回功能应能逐级退回先前页面",
        "objective": "验证页面导航历史管理功能",
        "extra_info": "无",
        "expected_result": "点击返回按钮可回到上一网页，历史栈正常维护"
    },
    {
        "id": "TC-03-01",
        "name": "验证主界面货币转换功能入口可见且可点击",
        "description": "检查主界面是否显示货币转换功能入口，并能正常跳转至对应页面",
        "objective": "确认货币转换入口存在并可操作",
        "extra_info": "无",
        "expected_result": "主界面上显示‘货币转换’入口，点击后成功进入货币转换服务页面"
    },
    {
        "id": "TC-03-02",
        "name": "验证主界面长度单位转换入口可见且可点击",
        "description": "检查主界面是否显示长度单位转换入口，并能正常跳转至对应页面",
        "objective": "确认长度单位转换入口存在并可操作",
        "extra_info": "无",
        "expected_result": "主界面上显示‘长度转换’入口，点击后成功进入长度单位转换服务页面"
    },
    {
        "id": "TC-03-03",
        "name": "验证主界面温度单位转换入口可见且可点击",
        "description": "检查主界面是否显示温度单位转换入口，并能正常跳转至对应页面",
        "objective": "确认温度单位转换入口存在并可操作",
        "extra_info": "无",
        "expected_result": "主界面上显示‘温度转换’入口，点击后成功进入温度单位转换服务页面"
    },
    {
        "id": "TC-03-04",
        "name": "验证主界面重量单位转换入口可见且可点击",
        "description": "检查主界面是否显示重量单位转换入口，并能正常跳转至对应页面",
        "objective": "确认重量单位转换入口存在并可操作",
        "extra_info": "无",
        "expected_result": "主界面上显示‘重量转换’入口，点击后成功进入重量单位转换服务页面"
    },
    {
        "id": "TC-03-05",
        "name": "验证主界面面积单位转换入口可见且可点击",
        "description": "检查主界面是否显示面积单位转换入口，并能正常跳转至对应页面",
        "objective": "确认面积单位转换入口存在并可操作",
        "extra_info": "无",
        "expected_result": "主界面上显示‘面积转换’入口，点击后成功进入面积单位转换服务页面"
    },
    {
        "id": "TC-03-06",
        "name": "验证主界面速度单位转换入口可见且可点击",
        "description": "检查主界面是否显示速度单位转换入口，并能正常跳转至对应页面",
        "objective": "确认速度单位转换入口存在并可操作",
        "extra_info": "无",
        "expected_result": "主界面上显示‘速度转换’入口，点击后成功进入速度单位转换服务页面"
    },
    {
        "id": "TC-03-07",
        "name": "验证主界面数据存储单位转换入口可见且可点击",
        "description": "检查主界面是否显示数据存储单位转换入口，并能正常跳转至对应页面",
        "objective": "确认数据存储单位转换入口存在并可操作",
        "extra_info": "无",
        "expected_result": "主界面上显示‘数据存储转换’入口，点击后成功进入数据存储单位转换服务页面"
    },
    {
        "id": "TC-03-08",
        "name": "验证主界面时间单位转换入口可见且可点击",
        "description": "检查主界面是否显示时间单位转换入口，并能正常跳转至对应页面",
        "objective": "确认时间单位转换入口存在并可操作",
        "extra_info": "无",
        "expected_result": "主界面上显示‘时间转换’入口，点击后成功进入时间单位转换服务页面"
    },
    {
        "id": "TC-03-09",
        "name": "验证主界面所有功能入口在小屏设备上完整显示",
        "description": "检查在较小屏幕分辨率下，主界面所有功能入口是否仍完整可见且无遮挡",
        "objective": "确保小屏设备上功能入口布局适配良好",
        "extra_info": "模拟设备：5英寸屏幕，分辨率720x1280",
        "expected_result": "所有功能入口均完整显示，无截断或重叠现象，支持滑动查看（如有必要）"
    },
    {
        "id": "TC-03-10",
        "name": "验证主界面功能入口在空网络状态下是否仍可点击跳转",
        "description": "检查在网络不可用时，主界面各功能入口是否仍可正常响应点击并跳转",
        "objective": "确保功能导航不依赖网络状态",
        "extra_info": "关闭Wi-Fi与移动数据",
        "expected_result": "即使无网络连接，所有功能入口仍可见且可点击，跳转正常"
    },
    {
        "id": "TC-04-01",
        "name": "验证主界面中文标题显示正常",
        "description": "检查应用主界面中是否存在中文标题或标签，并确认其显示是否正确。",
        "objective": "确保应用内中文文本内容能够正常渲染，无乱码或方框字符。",
        "extra_info": "无",
        "expected_result": "界面上所有中文字符清晰可读，如‘货币转换’、‘长度单位’等标签正确显示。"
    },
    {
        "id": "TC-04-02",
        "name": "验证货币转换页面中文名称显示",
        "description": "进入货币转换功能页面，查看各种货币的中文名称是否正确展示。",
        "objective": "确认货币列表中的中文条目（如‘人民币’、‘美元’）能正确显示。",
        "extra_info": "无",
        "expected_result": "货币选项中包含并正确显示中文名称，无乱码或缺失字体现象。"
    },
    {
        "id": "TC-04-03",
        "name": "验证长度单位换算项的中文标识",
        "description": "在长度换算模块中查看单位名称是否支持中文显示。",
        "objective": "确保‘米’、‘千米’、‘英寸’等中文单位名称正确呈现。",
        "extra_info": "无",
        "expected_result": "所有长度单位的中文命名均正常显示，未出现符号替代或空白。"
    },
    {
        "id": "TC-04-04",
        "name": "输入含中文的自定义备注信息",
        "description": "在支持用户输入的字段中输入中文字符作为备注或标签。",
        "objective": "验证应用对用户输入中文的支持能力。",
        "extra_info": "用户输入：'测试中文输入'",
        "expected_result": "输入的中文内容（如‘工资兑换’）保存后仍能完整正确显示。"
    },
    {
        "id": "TC-04-05",
        "name": "切换系统语言为中文后界面显示验证",
        "description": "将手机系统语言设为简体中文后重新打开应用，检查界面语言响应情况。",
        "objective": "确认应用能适配系统语言并正确加载中文资源。",
        "extra_info": "系统语言设置：简体中文",
        "expected_result": "应用界面自动切换为中文显示，所有菜单和按钮文字清晰可读。"
    }
]