[
    {
        "id": "FR-001",
        "name": "启动应用并进入主界面",
        "requirement": "系统应允许用户正常启动应用，并在启动后展示主界面，主界面应提供导航入口以访问应用的核心功能。",
        "type": "功能性"
    },
    {
        "id": "FR-002",
        "name": "加载网页内容",
        "requirement": "系统应在页面内正确加载指定网页内容，支持JavaScript执行与DOM存储，确保网页功能完整可用。",
        "type": "功能性"
    },
    {
        "id": "FR-003",
        "name": "网页链接点击交互",
        "requirement": "系统应允许用户在当前页面内点击网页中的链接，并在相同环境中跳转至目标页面，保持浏览连续性。",
        "type": "功能性"
    },
    {
        "id": "FR-004",
        "name": "网页内容显示异常处理",
        "requirement": "当网页加载失败或网络不可用时，系统应显示适当的错误提示信息，并提供重试机制供用户重新尝试加载。",
        "type": "功能性"
    },
    {
        "id": "FR-005",
        "name": "JavaScript功能支持",
        "requirement": "系统应启用并支持JavaScript执行，确保依赖脚本的网页功能（如表单验证、动态内容加载）可正常使用。",
        "type": "功能性"
    },
    {
        "id": "FR-006",
        "name": "本地数据存储支持",
        "requirement": "系统应支持网页使用DOM存储（如localStorage），以便保存用户浏览过程中的必要状态或偏好设置。",
        "type": "功能性"
    },
    {
        "id": "FR-007",
        "name": "页面响应性能",
        "requirement": "系统应在合理时间内完成网页加载和渲染，用户操作后页面响应延迟不应超过2秒，确保流畅交互体验。",
        "type": "性能"
    },
    {
        "id": "FR-008",
        "name": "主界面功能导航完整性",
        "requirement": "系统应确保主界面中所有功能入口可见且可点击，能够正确跳转至对应服务页面。",
        "type": "功能性"
    },
    {
        "id": "FR-009",
        "name": "中文内容显示支持",
        "requirement": "系统应正确显示网页及界面中的中文字符，无乱码或字体缺失现象。",
        "type": "界面"
    }
]